Material,Category,Strength,Density,Temperature,Cost
Foam 0,Ceramic,2671,5428,507,333.37
Nanotube 1,Composite,2707,2540,2268,354.78
Silicone 2,Composite,5550,5811,3366,296.55
CFRP 3,Ceramic,784,5416,1920,399.47
ABS 4,Composite,4381,1127,870,550.89
HDPE 5,Composite,3826,4779,3485,77.76
Glass 6,Ceramic,1350,320,1769,197.06
Polystyrene 7,Ceramic,4303,758,2982,283.43
Neoprene 8,Ceramic,5190,2722,3396,321.87
ABS 9,Ceramic,2671,5338,2558,551.56
Oxide 10,Ceramic,2194,4877,3632,273.07
PEI 11,Ceramic,3123,516,37,226.45
CFRP 12,Ceramic,5098,348,1825,165.85
Cork 13,Ceramic,195,4631,1702,552.31
Silicone 14,Ceramic,2793,5739,72,35.86
Fiber 15,Composite,636,4723,3216,90.84
Polystyrene 16,Composite,5003,3849,928,342.1
ABS 17,Composite,4285,5042,3412,76.5
Carbide 18,Ceramic,3618,820,2314,238.45
Neoprene 19,Composite,735,791,66,69.6
ABS 20,Composite,3983,5408,753,288.08
PEI 21,Ceramic,4963,3149,2398,300.71
Leather 22,Ceramic,2206,1887,21,134.37
Neoprene 23,Ceramic,4275,3011,1213,107.35
Leather 24,Ceramic,2646,3993,664,72.74
LDPE 25,Ceramic,4604,673,775,412.99
Polyimide 26,Composite,1163,3365,1795,265.16
Acrylic 27,Composite,5238,419,1334,518.31
Polystyrene 28,Composite,2045,2683,1862,207.02
Acrylic 29,Ceramic,3093,4889,1664,241.38
Oxide 30,Composite,3695,3676,3730,330.32
Rubber 31,Composite,1010,5876,725,217.4
Silicone 32,Composite,5000,1529,458,231.77
Polystyrene 33,Composite,5267,4038,3408,589.6
Silicone 34,Composite,3024,4036,3412,179.57
Fiber 35,Composite,4949,5099,1722,211.38
Carbide 36,Composite,5330,5870,2759,176.27
Leather 37,Ceramic,1895,1584,106,16.71
Polystyrene 38,Composite,5308,2346,3839,25.5
Oxide 39,Ceramic,1269,3319,3342,322.96
GFRP 40,Ceramic,2372,5847,2828,288.84
Polyimide 41,Ceramic,556,3964,3159,517.88
CFRP 42,Composite,2848,2812,273,420.81
PET 43,Ceramic,3666,4280,1972,259.44
Silicone 44,Ceramic,122,5327,3650,430.01
Nanotube 45,Ceramic,5871,3402,2816,42.61
Foam 46,Composite,1839,3867,3934,71.61
CFRP 47,Composite,1357,197,291,401.82
PEI 48,Ceramic,4843,4015,1676,597.42
Graphene 49,Ceramic,4009,5581,2631,11.77
HDPE 50,Ceramic,2363,1304,2760,410.86
Polyurethane 51,Ceramic,3773,1324,3376,86.65
HDPE 52,Composite,4603,3747,3502,59.16
Foam 53,Composite,1288,3998,3889,28.24
Cork 54,Ceramic,2401,4194,1314,82.73
Glass 55,Ceramic,1306,4029,3687,269.07
Wood 56,Composite,3238,3311,2780,87.64
Silicone 57,Ceramic,259,2879,2611,392.34
Foam 58,Ceramic,4467,4409,1952,278.97
Nanotube 59,Ceramic,1153,3344,3903,100.98
Fiber 60,Composite,463,3893,3317,307.06
POM 61,Ceramic,2149,3186,1025,384.6
Acrylic 62,Composite,1121,414,1268,2.12
CFRP 63,Ceramic,1998,814,1593,30.4
Wood 64,Ceramic,956,457,3568,581.53
LDPE 65,Composite,5176,258,3752,91.52
Carbide 66,Ceramic,4878,4862,195,156.96
Wood 67,Ceramic,84,3991,920,161.56
CFRP 68,Ceramic,5606,5102,109,230.81
Polystyrene 69,Ceramic,3235,609,3472,421.49
Rubber 70,Ceramic,2161,5491,2133,572.37
GFRP 71,Ceramic,929,4113,3168,592.63
POM 72,Ceramic,2956,1776,3932,300.0
Neoprene 73,Composite,2478,719,1001,599.3
Leather 74,Ceramic,5362,3369,2170,594.75
ABS 75,Composite,2784,4265,64,587.15
Foam 76,Ceramic,3576,2090,1103,426.39
Wood 77,Ceramic,1919,116,334,40.61
FRP 78,Composite,2870,4618,3646,69.53
Fiber 79,Composite,2185,5239,2714,231.77
Rubber 80,Ceramic,2153,5754,3957,329.04
Polyurethane 81,Composite,3221,2210,2552,288.79
Foam 82,Composite,3018,5568,2959,323.14
PEI 83,Composite,5836,5692,1083,85.11
Cork 84,Composite,64,4607,503,88.07
Graphene 85,Composite,5965,3261,3571,580.94
Oxide 86,Ceramic,3583,5960,2037,408.58
GFRP 87,Ceramic,885,3311,325,15.45
PEI 88,Ceramic,924,4113,638,54.16
Nanotube 89,Composite,3809,2536,705,419.99
GFRP 90,Composite,4019,3728,3197,492.21
Carbide 91,Composite,3569,2972,881,447.69
HDPE 92,Ceramic,5768,1769,3691,384.08
FRP 93,Composite,324,5303,2166,158.01
LDPE 94,Ceramic,3482,3775,370,296.27
POM 95,Ceramic,4094,5078,2848,485.66
GFRP 96,Ceramic,2358,1379,1274,376.47
Oxide 97,Ceramic,4830,4730,3942,351.03
GFRP 98,Ceramic,5864,2871,3713,392.62
PET 99,Composite,206,4080,3632,392.12
Glass 100,Composite,4698,2155,775,249.33
Cork 101,Ceramic,2196,2802,2046,178.88
Oxide 102,Ceramic,5057,5804,2512,331.01
Nanotube 103,Composite,4334,2450,2986,127.58
POM 104,Ceramic,5680,1447,538,367.12
FRP 105,Composite,4710,3551,1499,398.31
Glass 106,Ceramic,4561,5575,1,167.51
Glass 107,Ceramic,4437,4631,2122,413.76
LDPE 108,Composite,1178,2336,3093,28.5
CFRP 109,Composite,3008,4914,3627,238.88
POM 110,Ceramic,2641,2087,1816,336.54
Graphene 111,Composite,370,5340,1475,113.31
Fiber 112,Composite,3928,2182,3492,191.19
Oxide 113,Ceramic,5525,1233,1022,543.96
POM 114,Composite,962,2424,215,528.36
PEI 115,Composite,5413,474,302,525.02
Graphene 116,Composite,335,4755,1843,172.25
HDPE 117,Composite,712,4780,2951,413.45
Polyurethane 118,Composite,370,4665,549,562.14
Polystyrene 119,Ceramic,519,1692,3153,536.1
Silicone 120,Composite,5980,3927,2693,241.85
Wood 121,Composite,4243,1540,3907,287.12
Glass 122,Composite,3489,4110,2796,423.15
Neoprene 123,Composite,2704,4779,2987,259.65
Silicone 124,Ceramic,3807,4366,44,359.99
Fiber 125,Composite,5731,2424,120,545.35
Fiber 126,Ceramic,2183,372,1522,581.09
Nanotube 127,Composite,2311,1849,3281,396.16
Silicone 128,Ceramic,653,4306,1005,79.65
Nanotube 129,Composite,1588,2611,541,38.36
GFRP 130,Ceramic,3807,2329,3472,19.92
Cork 131,Composite,5502,738,2459,585.26
CFRP 132,Composite,438,238,118,66.71
Carbide 133,Ceramic,3542,3875,2725,142.33
Nanotube 134,Ceramic,2156,4681,3439,381.84
Acrylic 135,Ceramic,94,979,1775,3.26
Wood 136,Ceramic,4204,2974,706,450.83
FRP 137,Composite,12,2416,2364,70.2
HDPE 138,Composite,3382,1918,2571,326.24
LDPE 139,Ceramic,2006,1633,2888,299.88
Polystyrene 140,Composite,1861,4396,3477,475.82
ABS 141,Ceramic,2893,1366,1803,43.11
Oxide 142,Composite,127,3800,558,66.83
Silicone 143,Ceramic,4007,4867,278,167.36
Foam 144,Ceramic,3770,5976,3975,87.93
Rubber 145,Ceramic,539,1378,2243,118.5
Rubber 146,Ceramic,3974,2344,504,176.43
PET 147,Composite,4443,1073,1765,309.93
Polystyrene 148,Ceramic,1273,4064,2081,219.59
GFRP 149,Composite,4131,1600,1356,325.44
Graphene 150,Composite,201,3721,2248,67.1
FRP 151,Ceramic,5866,586,3433,434.43
PET 152,Ceramic,5902,2076,905,114.69
LDPE 153,Ceramic,4256,4854,3246,342.98
Polyimide 154,Ceramic,3272,2150,2834,573.41
POM 155,Ceramic,4271,1707,1160,283.8
Polystyrene 156,Ceramic,1894,2441,3801,168.8
Cork 157,Ceramic,1321,1197,2506,338.17
ABS 158,Ceramic,1007,2787,3052,354.58
Oxide 159,Composite,4822,3108,1417,501.18
Graphene 160,Composite,3828,2204,2244,213.57
Cork 161,Composite,2942,2181,3713,148.42
CFRP 162,Composite,4075,5085,617,303.44
Leather 163,Ceramic,3855,1240,3698,216.82
FRP 164,Composite,4805,1443,179,582.91
Oxide 165,Composite,2350,3195,2351,591.91
PEI 166,Composite,4802,3657,1496,154.84
LDPE 167,Ceramic,2106,2363,3531,109.71
Polystyrene 168,Composite,702,2121,236,394.0
FRP 169,Composite,1775,1807,3266,387.51
FRP 170,Ceramic,2040,1184,381,280.27
PEI 171,Composite,3878,1746,1292,332.92
Neoprene 172,Ceramic,1033,5235,2428,242.09
Oxide 173,Ceramic,1576,3638,127,411.1
PET 174,Composite,1963,1876,1920,45.04
FRP 175,Ceramic,2080,3532,2434,385.52
Nanotube 176,Composite,1271,2465,354,232.87
Neoprene 177,Composite,1982,5091,1369,502.88
Glass 178,Ceramic,1542,1673,1028,514.35
Glass 179,Composite,3510,5333,828,582.74
Polyurethane 180,Ceramic,3925,4402,3075,373.07
LDPE 181,Composite,3118,1422,103,448.69
LDPE 182,Composite,2315,195,442,94.2
PEI 183,Composite,2941,967,1555,290.46
POM 184,Composite,2928,4314,350,557.48
Leather 185,Composite,4664,3385,3656,293.99
FRP 186,Composite,1706,4957,2755,119.57
Leather 187,Composite,5484,3597,2158,484.2
Silicone 188,Ceramic,229,2057,3409,271.75
PET 189,Composite,283,2599,2676,5.24
Neoprene 190,Ceramic,2619,5104,3589,75.64
Polystyrene 191,Composite,2727,668,1570,524.98
GFRP 192,Composite,631,5620,3438,419.74
Acrylic 193,Ceramic,3905,2710,1544,41.82
Oxide 194,Composite,4918,2402,1344,288.56
Polystyrene 195,Composite,1536,2232,781,444.88
HDPE 196,Composite,3474,4764,133,389.5
Nanotube 197,Ceramic,5505,1824,183,526.54
Glass 198,Ceramic,5359,2762,90,530.61
Cork 199,Ceramic,4171,5182,1545,303.83
POM 200,Ceramic,4268,5678,3664,518.83
Nanotube 201,Composite,4619,2591,2593,297.16
Rubber 202,Composite,630,2791,3525,350.05
Graphene 203,Composite,3936,1531,2642,574.51
Polystyrene 204,Composite,2897,1541,1268,173.55
Cork 205,Composite,2711,1912,1279,100.67
Neoprene 206,Composite,2982,4159,2829,102.26
Wood 207,Composite,4151,507,1059,415.9
HDPE 208,Ceramic,3166,706,1276,537.24
FRP 209,Composite,4844,2659,366,486.26
Polyimide 210,Ceramic,1722,2593,1962,10.18
Polystyrene 211,Ceramic,4577,663,1559,216.33
Acrylic 212,Ceramic,6000,5800,2780,183.18
FRP 213,Composite,3429,180,218,430.62
Silicone 214,Ceramic,460,5632,2684,446.1
Wood 215,Ceramic,1787,1828,3682,403.94
GFRP 216,Ceramic,133,474,3604,213.32
Nanotube 217,Composite,4802,1679,1490,153.36
GFRP 218,Composite,4375,4027,1174,432.83
Oxide 219,Ceramic,1911,5403,705,292.78
Polyurethane 220,Composite,2431,1224,2293,414.11
Acrylic 221,Ceramic,1320,2462,570,87.67
Oxide 222,Ceramic,3229,866,692,361.81
Oxide 223,Composite,2405,5413,1476,189.97
Neoprene 224,Composite,3125,3276,1005,375.14
PET 225,Ceramic,5775,4770,722,163.29
LDPE 226,Composite,5039,3126,2009,97.69
Silicone 227,Ceramic,1507,2338,942,261.68
Leather 228,Ceramic,2582,3359,1515,367.12
Foam 229,Composite,54,4033,2120,578.77
Foam 230,Ceramic,3183,5752,1618,581.31
Polystyrene 231,Ceramic,5393,2475,3716,174.26
Polyurethane 232,Composite,2410,3956,1253,500.47
Polyimide 233,Composite,3615,5502,3753,364.23
Oxide 234,Composite,1493,3136,639,182.56
Acrylic 235,Composite,544,351,2465,172.7
Carbide 236,Composite,1473,1441,2831,286.91
Glass 237,Ceramic,3648,5342,3924,597.32
Leather 238,Composite,96,3920,2684,530.85
Cork 239,Ceramic,304,1767,2209,361.44
Rubber 240,Ceramic,2917,2054,446,558.06
PEI 241,Ceramic,2241,3965,3224,184.55
Glass 242,Composite,4363,4521,543,396.7
PEI 243,Composite,3197,5943,1625,318.99
Polystyrene 244,Composite,5093,1904,949,444.51
Nanotube 245,Ceramic,2936,1819,1115,396.08
Acrylic 246,Composite,2168,2055,1471,180.62
Fiber 247,Ceramic,5835,244,749,113.9
Polystyrene 248,Composite,3187,194,2654,269.52
CFRP 249,Composite,5217,4357,2779,321.92
Neoprene 250,Ceramic,848,2033,2962,198.58
CFRP 251,Composite,3407,4062,613,80.54
FRP 252,Ceramic,5516,3091,1490,595.46
Foam 253,Composite,3929,2436,2593,248.67
Cork 254,Composite,2103,2537,2097,478.36
Fiber 255,Composite,3422,3775,2352,561.86
Neoprene 256,Ceramic,4430,4730,3824,437.08
CFRP 257,Ceramic,3694,4582,3354,477.63
ABS 258,Composite,5219,5262,2894,341.32
Nanotube 259,Composite,812,3511,202,572.24
Wood 260,Ceramic,156,1570,352,505.61
Graphene 261,Ceramic,2396,3416,776,12.82
Nanotube 262,Ceramic,5312,5871,3291,234.13
PEI 263,Ceramic,1274,4883,785,186.53
Carbide 264,Composite,3137,179,2975,295.38
Polystyrene 265,Composite,5725,2632,1598,502.46
PEI 266,Composite,1112,2381,1914,374.58
Polyurethane 267,Composite,66,3118,3106,319.89
HDPE 268,Composite,3333,2779,1863,263.31
Foam 269,Composite,5823,3878,2572,534.78
Polyurethane 270,Composite,3022,4071,1846,418.95
CFRP 271,Composite,3833,1256,1167,9.4
Fiber 272,Ceramic,2879,3989,3957,243.89
Graphene 273,Ceramic,5167,1729,3733,112.4
Leather 274,Ceramic,515,3038,1595,100.44
CFRP 275,Composite,2892,2722,772,368.09
Neoprene 276,Composite,5583,932,1669,4.64
Polyimide 277,Ceramic,501,1320,3741,465.36
Leather 278,Ceramic,2023,5761,945,31.92
Acrylic 279,Ceramic,4072,822,965,390.38
Cork 280,Ceramic,4904,1137,389,561.16
POM 281,Composite,4306,4049,1577,559.89
Cork 282,Ceramic,3368,3852,1298,348.21
ABS 283,Ceramic,2506,3759,514,350.73
Polyurethane 284,Composite,2606,500,3202,586.16
GFRP 285,Composite,2271,1842,11,340.91
Oxide 286,Ceramic,5427,4336,826,181.52
Leather 287,Ceramic,546,3302,2197,393.68
PET 288,Composite,3645,4517,1938,255.23
Rubber 289,Ceramic,5904,217,3421,506.64
Carbide 290,Ceramic,2795,5801,2286,480.39
Cork 291,Ceramic,2239,3287,1206,76.8
Silicone 292,Composite,3384,870,1417,100.88
Acrylic 293,Ceramic,4848,2386,1133,293.73
Neoprene 294,Ceramic,4398,2984,1667,350.36
CFRP 295,Ceramic,1363,1809,1662,82.3
Rubber 296,Composite,3851,2541,477,141.4
HDPE 297,Ceramic,3082,1000,1813,19.37
Foam 298,Ceramic,2571,149,379,310.8
Acrylic 299,Ceramic,866,3727,120,133.8
PEI 300,Ceramic,5688,5910,3215,317.32
FRP 301,Composite,3373,2079,1057,122.12
Foam 302,Ceramic,1769,2499,2102,237.76
GFRP 303,Composite,5752,2609,2521,541.32
Carbide 304,Composite,3469,1951,2483,469.88
Neoprene 305,Ceramic,2212,5826,1761,264.26
CFRP 306,Composite,2961,2898,1616,10.14
Rubber 307,Composite,599,3764,3260,358.79
Polystyrene 308,Composite,2867,2105,2959,329.38
LDPE 309,Composite,2994,5119,2668,338.29
Polyurethane 310,Ceramic,5808,71,3216,548.65
Wood 311,Composite,126,5991,3265,160.29
CFRP 312,Ceramic,1636,1854,1645,134.24
GFRP 313,Ceramic,5325,953,3615,17.07
Wood 314,Composite,794,4597,2171,224.89
Rubber 315,Ceramic,585,1878,3107,43.52
Polyurethane 316,Ceramic,2486,5387,2966,213.78
Foam 317,Ceramic,2386,2901,2611,85.5
HDPE 318,Ceramic,4118,1334,2052,30.2
Polyimide 319,Composite,5944,914,2052,88.9
Graphene 320,Ceramic,3815,3122,571,343.86
Polyimide 321,Composite,3587,5237,3459,380.06
Rubber 322,Composite,3339,4957,2468,115.24
Graphene 323,Ceramic,2087,2457,3546,245.75
Graphene 324,Ceramic,3590,2595,495,14.57
HDPE 325,Ceramic,4663,5683,2344,411.29
Neoprene 326,Ceramic,3803,5055,1140,71.99
HDPE 327,Composite,166,884,2642,430.22
Fiber 328,Ceramic,838,3157,2341,256.78
Cork 329,Composite,2359,562,988,326.26
Rubber 330,Composite,1623,3650,673,337.28
Foam 331,Ceramic,4369,5971,1650,378.03
POM 332,Ceramic,1899,136,2483,255.48
Oxide 333,Composite,1291,4477,1239,97.66
FRP 334,Ceramic,415,2598,3591,176.94
Glass 335,Ceramic,3507,3657,3227,66.43
Leather 336,Composite,3560,5030,694,282.23
Acrylic 337,Composite,5875,1864,3804,577.76
Carbide 338,Ceramic,2281,1571,2015,8.19
Cork 339,Ceramic,82,2494,3276,566.59
FRP 340,Ceramic,4743,2912,2206,38.35
Oxide 341,Composite,5132,3004,3549,269.59
FRP 342,Composite,902,986,3938,352.2
Rubber 343,Ceramic,3658,163,1968,375.63
Silicone 344,Ceramic,2047,1308,603,226.72
Silicone 345,Composite,5804,2005,3417,139.11
Oxide 346,Composite,4677,2111,1411,201.63
Cork 347,Ceramic,849,4686,3830,293.26
Foam 348,Composite,4835,3551,3086,597.54
Neoprene 349,Composite,5436,2509,269,277.1
POM 350,Composite,2819,1189,2055,107.06
Rubber 351,Composite,989,3789,490,503.35
PEI 352,Composite,696,4517,273,5.43
GFRP 353,Composite,1361,5650,3693,238.1
Nanotube 354,Ceramic,1855,4588,3409,268.82
Neoprene 355,Ceramic,2269,148,1733,101.5
Neoprene 356,Ceramic,5532,1187,556,110.93
Leather 357,Composite,708,1339,2356,302.31
GFRP 358,Composite,379,1023,1266,199.13
ABS 359,Ceramic,4340,3045,3339,37.2
LDPE 360,Composite,606,4854,2760,29.45
Graphene 361,Composite,2772,1754,985,221.02
Cork 362,Composite,5615,1173,52,408.72
ABS 363,Ceramic,4445,5838,1059,563.75
FRP 364,Composite,1161,1307,1265,536.94
Wood 365,Ceramic,242,1565,2907,177.28
GFRP 366,Composite,2929,924,61,134.06
Polyimide 367,Ceramic,4101,4163,2706,202.99
Silicone 368,Ceramic,4488,5647,106,279.54
Fiber 369,Composite,5076,5817,226,451.13
ABS 370,Ceramic,2699,3730,2545,401.87
Glass 371,Ceramic,599,3824,894,405.75
Fiber 372,Composite,5781,2804,1995,183.49
ABS 373,Ceramic,2184,3981,3631,69.59
FRP 374,Composite,3043,918,2425,219.24
GFRP 375,Ceramic,3075,5187,2331,475.66
FRP 376,Composite,716,1762,2190,68.48
Neoprene 377,Composite,4457,4629,1859,581.44
Polyurethane 378,Ceramic,3567,4021,1394,207.15
Silicone 379,Composite,2043,5858,3430,338.22
Graphene 380,Composite,4633,620,1335,282.24
Polystyrene 381,Composite,1594,1782,1343,299.51
Rubber 382,Composite,3900,3975,4,201.78
Nanotube 383,Ceramic,3583,5791,1171,140.91
Polyimide 384,Composite,4517,4208,3854,342.03
Foam 385,Composite,5005,4272,3757,257.06
ABS 386,Ceramic,4643,1764,525,132.81
ABS 387,Composite,4891,5014,3189,10.78
Polystyrene 388,Ceramic,1271,5281,2387,429.21
Rubber 389,Ceramic,1601,2788,1541,120.71
Foam 390,Composite,1947,1536,2898,154.36
Graphene 391,Ceramic,5544,5025,3016,371.45
POM 392,Composite,3069,5713,1076,83.74
Oxide 393,Composite,960,442,2669,456.22
PET 394,Composite,139,5142,3565,169.27
Neoprene 395,Ceramic,1515,5987,1233,413.08
Wood 396,Ceramic,4130,4380,2956,299.96
FRP 397,Composite,5024,1787,2164,441.24
Foam 398,Ceramic,5522,4175,3821,217.6
Leather 399,Ceramic,5189,3046,915,121.69
Graphene 400,Ceramic,4438,3977,538,432.58
Rubber 401,Composite,2148,4604,2151,533.02
Wood 402,Ceramic,5550,3432,2363,181.07
Polyimide 403,Ceramic,3412,5806,1542,486.19
Cork 404,Composite,234,1141,3686,433.85
Nanotube 405,Ceramic,1156,2558,2319,397.07
HDPE 406,Composite,4440,742,3089,80.99
Rubber 407,Ceramic,787,5475,3496,345.54
Neoprene 408,Ceramic,3952,2648,786,306.44
Graphene 409,Composite,3970,2482,2483,210.25
Foam 410,Composite,4190,4369,347,33.28
ABS 411,Ceramic,3599,723,1823,49.56
GFRP 412,Composite,5543,459,2391,97.03
Foam 413,Composite,4522,125,220,128.95
Graphene 414,Ceramic,909,3823,3828,248.81
Polyimide 415,Composite,5027,4910,3433,348.85
Fiber 416,Ceramic,1662,563,735,264.01
Glass 417,Composite,298,3923,338,554.03
Leather 418,Composite,3348,3623,3401,283.56
POM 419,Ceramic,4850,1148,1277,179.77
Nanotube 420,Composite,451,4656,1285,78.97
Fiber 421,Ceramic,1059,154,520,533.3
LDPE 422,Composite,273,1669,1912,540.15
HDPE 423,Ceramic,5676,1435,2423,212.07
ABS 424,Ceramic,1011,4969,1788,360.0
Polyimide 425,Ceramic,2968,753,2506,55.93
Rubber 426,Composite,5871,2752,1665,358.64
PET 427,Composite,4918,4403,3116,489.05
CFRP 428,Composite,4198,3168,3252,442.03
ABS 429,Composite,2222,1047,1658,416.68
Acrylic 430,Composite,4194,4071,1802,589.84
Nanotube 431,Ceramic,1612,1129,2880,145.02
Neoprene 432,Ceramic,3459,2009,79,67.03
Rubber 433,Composite,5506,4588,3120,434.98
ABS 434,Composite,4267,5518,468,349.82
PET 435,Ceramic,3647,708,3310,507.6
POM 436,Composite,3942,5492,2629,229.77
LDPE 437,Composite,2374,2381,1192,40.05
Rubber 438,Composite,163,5656,2534,492.14
Wood 439,Ceramic,5290,650,3709,195.76
Cork 440,Ceramic,827,1214,855,440.92
Polyimide 441,Composite,2110,3514,1340,598.88
Carbide 442,Composite,5541,1305,49,61.68
CFRP 443,Composite,362,4549,342,382.01
LDPE 444,Composite,4209,3170,2993,515.44
GFRP 445,Composite,3035,5768,2874,530.28
Nanotube 446,Ceramic,1719,2197,2217,13.16
ABS 447,Composite,288,4510,1883,534.56
Leather 448,Composite,3540,4768,2219,237.19
Carbide 449,Composite,4645,3064,3137,134.65
ABS 450,Ceramic,3026,2685,399,46.06
PET 451,Composite,4388,5099,3750,170.66
Leather 452,Composite,1636,2606,2639,470.75
GFRP 453,Ceramic,1744,592,1962,217.16
POM 454,Composite,741,4720,2397,145.98
Wood 455,Composite,5633,2217,237,13.43
Foam 456,Ceramic,3919,795,2096,214.73
Wood 457,Composite,4671,5284,1293,308.85
HDPE 458,Ceramic,3499,2364,3792,354.27
PET 459,Ceramic,1794,3084,2760,107.04
POM 460,Ceramic,246,3771,401,582.08
Nanotube 461,Composite,4398,2429,2290,130.07
CFRP 462,Ceramic,1804,4149,3739,499.74
Polyurethane 463,Ceramic,1941,743,1727,209.43
Leather 464,Ceramic,5779,1004,1436,313.36
Wood 465,Composite,773,2970,3640,119.3
Cork 466,Ceramic,3376,3165,279,344.81
HDPE 467,Composite,706,2904,980,229.68
Leather 468,Composite,512,4537,1100,445.96
Graphene 469,Ceramic,4510,2489,2906,366.39
Foam 470,Composite,1664,641,1438,483.36
CFRP 471,Ceramic,909,4925,1895,86.26
LDPE 472,Ceramic,5541,2328,3619,561.16
Fiber 473,Composite,4937,4468,3790,226.3
Nanotube 474,Composite,2251,4556,1070,420.18
Silicone 475,Composite,3492,2351,81,31.78
Leather 476,Ceramic,2316,2845,244,531.73
Carbide 477,Ceramic,220,4276,1364,289.28
HDPE 478,Composite,3486,2152,2902,113.03
Acrylic 479,Ceramic,2692,1566,3154,162.5
FRP 480,Composite,5635,5062,1566,101.74
Carbide 481,Composite,2783,976,625,174.27
Fiber 482,Composite,5828,2160,2639,97.95
Wood 483,Ceramic,1015,2230,128,447.62
Carbide 484,Composite,3832,5975,1954,425.85
Rubber 485,Composite,3711,1242,3328,577.03
Glass 486,Ceramic,208,998,158,474.83
Silicone 487,Composite,1231,4191,1932,198.54
Acrylic 488,Ceramic,3284,3945,588,565.45
Cork 489,Composite,5973,1072,1559,294.53
Nanotube 490,Composite,3800,2564,3687,349.94
Foam 491,Composite,2120,1202,871,65.5
Carbide 492,Composite,881,2180,673,567.81
Rubber 493,Composite,3199,4080,283,588.16
Polystyrene 494,Ceramic,3470,2594,3579,203.87
Fiber 495,Composite,4965,1562,1103,12.87
Leather 496,Ceramic,4122,3703,186,88.59
Polyimide 497,Composite,1285,28,2330,168.89
Leather 498,Composite,573,2891,2118,327.56
Wood 499,Ceramic,5877,1037,744,120.87
Oxide 500,Ceramic,3838,2927,3610,49.21
Neoprene 501,Composite,3873,1130,516,275.48
GFRP 502,Composite,4038,2177,187,1.55
Polyimide 503,Composite,5007,1861,3719,70.89
Graphene 504,Ceramic,3838,2686,1492,438.47
PEI 505,Composite,1241,1161,1139,207.14
Carbide 506,Ceramic,5671,2338,799,544.06
Rubber 507,Ceramic,329,2620,2426,578.02
Fiber 508,Ceramic,2738,4382,3079,298.91
Oxide 509,Ceramic,5402,5803,3116,159.25
PEI 510,Composite,5552,3848,2741,431.99
Graphene 511,Composite,5389,3844,3139,115.25
Carbide 512,Ceramic,3421,1738,2669,377.44
Graphene 513,Ceramic,4419,2091,1597,507.35
Nanotube 514,Composite,4565,3981,2217,301.51
Nanotube 515,Ceramic,773,2082,1961,270.36
Nanotube 516,Ceramic,5271,3005,2552,172.57
Polystyrene 517,Ceramic,2491,5529,3281,387.57
Foam 518,Ceramic,375,5429,3239,317.76
Neoprene 519,Ceramic,2522,728,2710,294.86
POM 520,Composite,5017,4721,1642,426.44
Acrylic 521,Composite,994,4698,2807,266.83
Foam 522,Composite,5690,5286,3401,413.53
HDPE 523,Ceramic,3841,2622,2736,381.39
PET 524,Composite,1056,4021,3446,166.32
Neoprene 525,Composite,5147,4743,2565,49.39
Cork 526,Ceramic,1379,2828,652,560.12
PEI 527,Composite,3191,1876,2479,472.39
Carbide 528,Ceramic,1447,3982,2805,247.88
Glass 529,Composite,5313,1825,3784,592.44
ABS 530,Ceramic,3201,4517,647,107.1
FRP 531,Ceramic,197,4229,19,103.1
PEI 532,Composite,3284,1215,3132,219.08
ABS 533,Composite,2587,2725,1509,470.81
PET 534,Composite,4110,5305,1872,187.34
Polyimide 535,Composite,2871,3237,3506,25.74
Carbide 536,Ceramic,4814,4444,2563,339.98
Polyimide 537,Ceramic,915,242,1851,31.35
Fiber 538,Composite,5610,275,3628,561.06
FRP 539,Ceramic,5788,3335,1285,385.3
FRP 540,Ceramic,2606,3268,2926,168.45
HDPE 541,Composite,184,1441,678,208.71
PET 542,Ceramic,3209,5433,1455,551.57
Rubber 543,Ceramic,3961,4646,2852,154.85
Carbide 544,Ceramic,2986,892,3880,383.09
Oxide 545,Ceramic,4449,694,2654,84.71
HDPE 546,Ceramic,1717,1114,2399,593.99
Polystyrene 547,Composite,227,2452,3782,430.89
CFRP 548,Ceramic,1982,2437,24,541.85
PET 549,Ceramic,5968,4702,1749,116.87
PEI 550,Ceramic,2991,5419,58,225.69
Polyurethane 551,Ceramic,5528,3266,1223,485.05
Leather 552,Composite,267,147,2047,295.55
Cork 553,Ceramic,5270,710,3347,141.65
Foam 554,Ceramic,1953,3839,3717,455.1
Graphene 555,Ceramic,1705,4874,3718,120.85
POM 556,Composite,1927,2400,2817,502.67
Fiber 557,Composite,455,1061,747,206.58
FRP 558,Ceramic,4930,1126,869,191.97
Polyurethane 559,Ceramic,4939,5939,623,366.77
Polyimide 560,Ceramic,1423,2531,2301,365.39
HDPE 561,Ceramic,4423,3079,1160,491.44
POM 562,Composite,1300,2226,3424,585.55
FRP 563,Ceramic,5814,3624,3168,243.26
Acrylic 564,Composite,105,995,3960,297.11
Graphene 565,Ceramic,1156,281,2417,384.39
Wood 566,Ceramic,4974,3199,2326,523.97
POM 567,Ceramic,731,505,476,216.04
Leather 568,Composite,2649,3149,3037,463.71
ABS 569,Composite,1041,1555,1649,387.84
Polystyrene 570,Composite,1406,2030,271,233.41
Polyimide 571,Composite,3219,4945,2205,548.95
HDPE 572,Composite,4896,2993,1407,159.3
LDPE 573,Ceramic,274,294,1696,331.89
Glass 574,Composite,4781,35,2017,241.34
HDPE 575,Composite,4887,1737,2688,406.0
Leather 576,Composite,2081,812,2643,360.29
Nanotube 577,Composite,4316,4555,587,168.66
Fiber 578,Ceramic,414,3293,513,576.73
Polyurethane 579,Ceramic,2778,1427,982,318.72
FRP 580,Composite,5034,3945,602,399.63
Carbide 581,Composite,2541,4556,2555,528.24
CFRP 582,Ceramic,5404,501,1409,262.94
Polyurethane 583,Composite,3241,2629,2389,539.83
Acrylic 584,Ceramic,5373,1717,2038,30.6
ABS 585,Ceramic,3906,496,1151,20.62
FRP 586,Composite,5895,4996,788,490.62
Carbide 587,Composite,4272,5292,1878,6.27
Polystyrene 588,Ceramic,4527,1777,445,578.27
Wood 589,Composite,2217,79,446,63.93
HDPE 590,Ceramic,5290,2043,124,87.92
Silicone 591,Ceramic,1901,823,1107,25.85
PEI 592,Composite,5306,3557,2166,281.74
POM 593,Ceramic,1044,1697,1467,136.4
Silicone 594,Ceramic,2060,891,235,546.51
Neoprene 595,Composite,2282,5425,124,350.41
FRP 596,Ceramic,2007,3045,3867,255.71
Carbide 597,Ceramic,4001,991,2444,599.74
Rubber 598,Ceramic,1600,5123,535,364.57
ABS 599,Ceramic,1531,5735,3228,479.35
Nanotube 600,Ceramic,3129,5847,2834,11.14
Wood 601,Composite,3867,4761,2354,157.93
PEI 602,Ceramic,4483,2190,3177,95.04
Wood 603,Ceramic,5625,4186,337,66.52
Neoprene 604,Ceramic,4257,2270,3567,330.71
Polyimide 605,Ceramic,2090,1878,855,123.85
Fiber 606,Ceramic,5184,1667,2896,541.9
Polystyrene 607,Ceramic,2206,3625,1511,246.57
Leather 608,Ceramic,5286,2734,2142,41.36
Nanotube 609,Composite,1203,4025,671,302.33
POM 610,Ceramic,4038,3804,3174,123.47
Nanotube 611,Ceramic,4474,474,2540,497.38
Polystyrene 612,Ceramic,5862,3487,3096,391.21
Carbide 613,Composite,1652,342,1550,416.78
Foam 614,Composite,4190,4883,363,317.28
Fiber 615,Composite,1813,2266,3440,250.26
LDPE 616,Composite,3976,1007,574,301.18
Polyimide 617,Ceramic,4182,2041,3592,141.09
Graphene 618,Ceramic,1872,44,438,265.18
PEI 619,Ceramic,3892,3614,325,340.96
Foam 620,Composite,421,3632,853,29.42
Polystyrene 621,Composite,1185,4480,2486,111.56
Wood 622,Composite,2000,2867,1210,351.41
Nanotube 623,Ceramic,591,1941,628,140.42
POM 624,Composite,5682,1338,1380,244.9
Wood 625,Composite,4623,4879,3973,115.08
PEI 626,Ceramic,3047,5909,2427,596.92
Graphene 627,Composite,1609,4987,1890,577.32
HDPE 628,Ceramic,883,4153,30,138.61
Polyurethane 629,Ceramic,2476,779,2234,257.72
Oxide 630,Composite,1133,1223,436,115.01
Polystyrene 631,Composite,4956,5703,205,487.76
Leather 632,Ceramic,5908,3160,2305,530.55
Polystyrene 633,Composite,2347,2799,329,502.34
Polyurethane 634,Composite,4480,2518,3082,311.39
Polyurethane 635,Composite,4202,4855,2839,425.38
CFRP 636,Ceramic,350,1996,966,444.34
Rubber 637,Composite,1616,4121,799,154.13
PET 638,Ceramic,3531,4998,3757,34.32
CFRP 639,Composite,4555,742,179,337.62
PEI 640,Composite,5278,544,2487,585.82
Polystyrene 641,Ceramic,1196,1140,1220,428.5
Cork 642,Ceramic,2930,979,3519,110.56
Foam 643,Ceramic,3121,4481,2866,521.7
Carbide 644,Composite,3856,5046,3675,277.51
Glass 645,Composite,5068,5088,847,26.34
Foam 646,Composite,3070,2536,1666,577.48
Wood 647,Composite,5845,4534,2515,585.99
HDPE 648,Ceramic,2699,5953,2688,215.96
CFRP 649,Ceramic,3972,4804,1039,355.2
Rubber 650,Ceramic,620,799,2675,533.58
Rubber 651,Composite,5290,2558,732,401.69
Nanotube 652,Ceramic,3745,3546,189,257.06
Polystyrene 653,Ceramic,4719,5569,2872,506.7
LDPE 654,Composite,3861,3469,1576,231.74
Neoprene 655,Ceramic,4752,1280,1265,41.11
HDPE 656,Composite,3359,5843,2206,104.77
FRP 657,Composite,1385,1874,1895,176.25
Fiber 658,Composite,5425,5848,652,213.74
Polystyrene 659,Composite,231,2653,2689,128.58
Polyimide 660,Ceramic,684,3455,3275,364.66
CFRP 661,Ceramic,5824,2475,1929,447.95
POM 662,Composite,1873,3912,385,343.95
Foam 663,Ceramic,3575,476,3296,244.26
PET 664,Ceramic,5185,4833,511,554.54
Neoprene 665,Ceramic,641,159,2500,387.3
Polyimide 666,Ceramic,1931,5823,3216,402.34
Polystyrene 667,Composite,2819,2566,3979,506.17
Graphene 668,Composite,1495,5372,303,574.16
PEI 669,Composite,2326,2889,3962,193.96
PEI 670,Ceramic,5822,5545,3012,327.85
Glass 671,Composite,2662,3258,2317,525.54
Cork 672,Ceramic,5091,1865,272,478.82
Wood 673,Ceramic,2465,4072,2444,367.87
HDPE 674,Ceramic,878,1577,717,586.69
Carbide 675,Ceramic,5682,715,152,169.68
POM 676,Ceramic,2108,3297,1615,48.3
Wood 677,Composite,702,5427,546,373.37
Polyurethane 678,Ceramic,370,4648,3406,100.49
Carbide 679,Composite,2098,2252,1488,493.77
Neoprene 680,Composite,2362,2224,574,337.96
CFRP 681,Ceramic,267,4281,2811,269.95
Silicone 682,Ceramic,2952,3674,249,509.75
Neoprene 683,Composite,5975,4686,2960,425.39
LDPE 684,Composite,5084,2533,3121,582.09
Cork 685,Ceramic,1275,1570,2439,425.36
Oxide 686,Composite,1237,2366,3914,411.88
Rubber 687,Ceramic,1955,4465,3138,499.24
Oxide 688,Ceramic,5948,1135,3598,160.11
Rubber 689,Ceramic,83,856,3083,223.62
Fiber 690,Composite,5559,2151,1663,508.73
Polyurethane 691,Ceramic,1745,3434,1983,546.92
CFRP 692,Ceramic,4172,2259,2884,281.97
PET 693,Ceramic,4205,4816,3398,441.04
Neoprene 694,Ceramic,4586,5478,1417,216.89
Nanotube 695,Ceramic,3486,4777,3129,229.41
CFRP 696,Ceramic,4576,5604,371,445.9
Nanotube 697,Ceramic,5525,1832,883,86.68
Silicone 698,Composite,5839,1926,787,256.98
Nanotube 699,Composite,5242,3667,2337,300.0
POM 700,Ceramic,2927,224,1662,519.22
LDPE 701,Composite,3604,1318,2574,157.66
Fiber 702,Ceramic,2225,4866,1258,215.01
Fiber 703,Ceramic,4501,3267,2914,543.53
Neoprene 704,Composite,2586,3818,762,551.48
Wood 705,Composite,193,1789,3309,495.21
Polyurethane 706,Ceramic,3385,646,3263,7.95
Acrylic 707,Composite,1491,3756,1102,354.92
Rubber 708,Ceramic,5786,680,1150,338.19
Acrylic 709,Ceramic,3430,918,3809,393.31
Neoprene 710,Composite,94,1306,2840,144.22
LDPE 711,Composite,2688,1490,3246,148.84
CFRP 712,Ceramic,5458,5891,3392,334.94
LDPE 713,Ceramic,3075,3948,2843,371.54
Foam 714,Ceramic,2799,600,3912,153.75
Leather 715,Composite,4120,2843,358,200.45
POM 716,Ceramic,2124,2072,2157,444.87
HDPE 717,Composite,1571,3095,2437,372.16
GFRP 718,Ceramic,927,3702,2308,559.72
Silicone 719,Composite,2611,2039,1363,177.09
Polyurethane 720,Composite,3430,2831,567,190.43
Rubber 721,Ceramic,5045,1881,1982,409.96
LDPE 722,Composite,4965,5092,3677,544.4
Rubber 723,Composite,994,1037,2767,465.17
Polyimide 724,Composite,5131,3010,3200,173.72
PET 725,Composite,816,4622,3880,513.65
FRP 726,Ceramic,2061,1098,211,41.12
Foam 727,Composite,1577,4687,2000,265.04
Polyimide 728,Ceramic,4553,874,2440,105.19
Nanotube 729,Composite,3258,3161,3144,410.29
Fiber 730,Composite,5248,34,3122,32.16
PET 731,Composite,5474,2460,3274,298.38
CFRP 732,Composite,3986,766,3404,93.4
Leather 733,Ceramic,2663,4742,808,359.05
ABS 734,Composite,1209,4267,1350,478.24
Nanotube 735,Composite,1552,1830,649,278.2
Wood 736,Composite,2051,183,2801,70.68
POM 737,Ceramic,1812,905,362,94.66
POM 738,Ceramic,3733,1012,2854,246.06
Acrylic 739,Composite,4369,5068,3059,8.55
Leather 740,Ceramic,1224,2572,810,393.01
CFRP 741,Composite,5668,106,3497,429.9
GFRP 742,Ceramic,2711,4532,572,373.59
Foam 743,Composite,335,2422,718,340.73
Foam 744,Ceramic,4929,3894,1350,321.44
HDPE 745,Ceramic,2299,3442,3634,128.55
Acrylic 746,Ceramic,4949,3571,3109,256.02
POM 747,Composite,3923,5198,2196,531.67
Oxide 748,Composite,5277,3639,1610,383.33
Neoprene 749,Composite,1755,5055,2951,175.5
HDPE 750,Composite,1090,5439,1987,409.58
PET 751,Ceramic,1226,3511,1,192.72
Polyimide 752,Ceramic,4913,5512,2342,490.36
Rubber 753,Composite,1592,5595,3734,505.9
CFRP 754,Ceramic,5409,309,3823,101.3
PET 755,Composite,2738,5669,1579,390.67
Polystyrene 756,Ceramic,5578,53,1122,14.48
PET 757,Ceramic,3601,2388,3683,419.39
Carbide 758,Composite,2695,3777,1647,265.01
HDPE 759,Ceramic,223,3628,519,181.45
Rubber 760,Ceramic,4509,1283,1174,60.83
Nanotube 761,Ceramic,2949,5324,2142,318.56
HDPE 762,Ceramic,148,1941,3850,143.6
Polyimide 763,Ceramic,3325,4016,3880,496.31
Polyurethane 764,Ceramic,5314,439,1897,552.34
Oxide 765,Ceramic,3708,4696,424,127.92
Foam 766,Composite,200,1448,1536,507.38
Polyurethane 767,Ceramic,4928,2379,3513,332.96
GFRP 768,Ceramic,5725,3253,1188,103.84
Glass 769,Ceramic,4039,5190,318,310.92
Nanotube 770,Ceramic,4621,4418,2309,12.59
Nanotube 771,Ceramic,543,4502,1084,235.38
Foam 772,Composite,4766,5759,419,520.43
Graphene 773,Ceramic,552,1666,1040,102.05
Cork 774,Composite,4201,5216,139,280.79
Polystyrene 775,Composite,2638,1461,1466,33.89
PEI 776,Ceramic,540,2290,1751,580.44
Rubber 777,Composite,3190,5595,2374,227.7
POM 778,Ceramic,4421,2991,1931,366.92
LDPE 779,Ceramic,1701,3122,105,253.03
PEI 780,Ceramic,3421,42,1532,340.79
LDPE 781,Composite,2618,4075,1768,215.11
Wood 782,Composite,2578,5112,122,417.87
POM 783,Ceramic,3681,5884,2166,535.0
ABS 784,Ceramic,3271,4675,2136,236.73
HDPE 785,Ceramic,3395,3996,892,68.39
Fiber 786,Ceramic,4878,25,511,155.81
PEI 787,Ceramic,5923,243,2833,147.65
LDPE 788,Composite,1296,5332,3769,388.89
Carbide 789,Composite,3853,355,3854,241.53
Neoprene 790,Ceramic,2320,4264,2328,405.85
Nanotube 791,Ceramic,3992,3819,3519,588.42
LDPE 792,Ceramic,4217,5895,3337,506.64
Silicone 793,Ceramic,2048,1250,539,363.24
PET 794,Ceramic,4142,1685,863,205.09
GFRP 795,Ceramic,1985,1607,3148,322.52
LDPE 796,Composite,2671,5683,1700,386.22
CFRP 797,Composite,3131,2326,1643,45.29
HDPE 798,Composite,1975,2759,3678,44.83
Fiber 799,Ceramic,5950,4863,1968,426.94
Foam 800,Ceramic,3939,1926,1336,420.62
Nanotube 801,Composite,2296,5677,466,251.38
HDPE 802,Ceramic,4939,824,1611,425.23
Acrylic 803,Ceramic,5145,209,2520,515.77
Glass 804,Composite,4360,5879,2280,205.89
Leather 805,Ceramic,3900,27,352,349.22
POM 806,Composite,5287,426,3448,13.76
Wood 807,Ceramic,2857,1333,1255,253.3
Leather 808,Composite,3203,2792,742,108.97
Neoprene 809,Ceramic,2669,1265,395,519.39
Carbide 810,Composite,1741,1844,2067,238.65
Oxide 811,Ceramic,5361,1528,38,551.48
Leather 812,Ceramic,2085,5510,2104,560.85
Silicone 813,Ceramic,4098,5104,2216,120.95
Foam 814,Ceramic,184,5190,3857,508.75
Nanotube 815,Composite,4693,2888,2557,56.14
Silicone 816,Ceramic,650,3160,3803,103.76
Nanotube 817,Composite,5012,1860,2816,514.52
CFRP 818,Composite,5159,5369,745,125.57
Glass 819,Composite,1933,5972,3223,91.03
HDPE 820,Ceramic,4976,235,2183,561.88
PET 821,Composite,1362,5296,1175,248.68
Wood 822,Composite,4923,2104,3942,173.62
POM 823,Composite,4308,954,3802,344.85
Graphene 824,Composite,5944,5007,1104,429.58
Rubber 825,Composite,5441,4231,2865,423.22
PET 826,Ceramic,4090,4962,1566,451.14
GFRP 827,Ceramic,4047,1276,3789,427.89
Cork 828,Composite,2248,4978,886,305.86
Graphene 829,Composite,86,2475,3220,411.85
Nanotube 830,Ceramic,2760,5906,3500,478.48
LDPE 831,Composite,1859,1083,2516,45.84
PEI 832,Ceramic,1125,774,3594,10.61
Leather 833,Composite,4878,4273,2038,470.91
Rubber 834,Composite,5872,2513,3135,323.38
HDPE 835,Composite,3238,665,3644,488.57
Carbide 836,Ceramic,3306,1011,440,424.43
Acrylic 837,Composite,4339,4694,2846,527.4
Polystyrene 838,Composite,4281,1965,889,163.34
Carbide 839,Ceramic,5740,1420,484,543.2
Oxide 840,Composite,4450,449,2234,92.04
ABS 841,Ceramic,5856,5263,1518,546.36
Cork 842,Ceramic,1280,2075,252,454.26
HDPE 843,Composite,3167,4199,415,532.32
Acrylic 844,Ceramic,1660,3065,3358,545.15
Oxide 845,Composite,4278,2927,2384,209.24
Polyimide 846,Ceramic,5797,2513,616,64.8
HDPE 847,Composite,376,132,927,236.46
CFRP 848,Ceramic,3386,1742,3235,202.14
Leather 849,Composite,4538,3825,3134,597.38
Neoprene 850,Composite,3069,1096,2197,229.97
Polyimide 851,Composite,2198,5233,2599,38.54
Polyurethane 852,Ceramic,431,654,1204,198.96
CFRP 853,Composite,3783,136,1342,389.25
FRP 854,Composite,5492,5949,3297,415.36
ABS 855,Ceramic,5112,5624,3693,523.52
Cork 856,Composite,1416,2554,2326,230.48
Acrylic 857,Composite,4841,4296,3362,107.95
Nanotube 858,Composite,340,3286,3922,330.0
Glass 859,Composite,3394,2894,1721,304.86
Rubber 860,Composite,1329,5616,1170,297.62
Nanotube 861,Ceramic,4927,1931,1268,329.52
Glass 862,Composite,14,790,3962,294.91
Neoprene 863,Ceramic,1585,1058,2582,307.66
Cork 864,Composite,816,5863,2673,238.42
Polyurethane 865,Ceramic,2173,5358,3647,311.62
LDPE 866,Ceramic,3467,2321,2609,29.5
Fiber 867,Composite,2884,4113,2592,7.62
Foam 868,Ceramic,3697,611,3869,334.64
Cork 869,Ceramic,543,2739,2383,398.38
Oxide 870,Ceramic,125,1690,259,272.69
FRP 871,Ceramic,3764,3200,1897,503.85
Carbide 872,Ceramic,3644,5354,816,457.05
PET 873,Ceramic,5258,210,233,292.73
Graphene 874,Ceramic,2221,5511,1858,382.63
Oxide 875,Composite,1889,1285,684,197.19
Polyimide 876,Ceramic,44,1167,259,208.74
GFRP 877,Ceramic,5263,5106,401,370.93
Silicone 878,Composite,3085,2457,996,49.22
PEI 879,Composite,2220,4711,1400,103.85
Oxide 880,Composite,3352,2997,1248,62.22
Leather 881,Ceramic,3360,74,2437,69.14
Rubber 882,Composite,2497,3929,3488,493.05
Wood 883,Composite,1147,4157,2768,4.67
Glass 884,Composite,508,4311,2964,295.13
CFRP 885,Ceramic,219,2827,2000,348.25
Nanotube 886,Ceramic,3919,5023,3358,489.11
PEI 887,Ceramic,3408,1441,2208,311.51
Foam 888,Composite,684,5452,565,581.4
Leather 889,Composite,2692,4940,1042,594.97
Carbide 890,Composite,4583,4802,1731,260.91
PEI 891,Composite,4322,4066,3228,544.03
Acrylic 892,Ceramic,5855,1786,2651,374.85
Silicone 893,Ceramic,5750,4896,850,447.52
Leather 894,Ceramic,2294,4245,744,308.59
Wood 895,Composite,3670,1912,3756,236.71
Polyimide 896,Composite,3233,2826,2450,144.37
Carbide 897,Ceramic,2140,2093,3424,83.1
Carbide 898,Ceramic,262,4860,1635,359.25
Polyurethane 899,Composite,5524,2854,55,540.22
Rubber 900,Ceramic,3129,1364,1665,516.77
Polyimide 901,Ceramic,3441,1662,3950,305.23
LDPE 902,Ceramic,4591,5564,2774,173.0
Fiber 903,Ceramic,1434,4356,2136,141.19
FRP 904,Composite,1360,2226,3275,177.63
Foam 905,Ceramic,2492,3112,641,553.52
Carbide 906,Ceramic,2273,4580,1791,35.29
ABS 907,Ceramic,2348,3459,777,154.17
PET 908,Ceramic,4382,5423,882,338.92
CFRP 909,Composite,5204,4142,1068,156.1
ABS 910,Ceramic,3434,950,3451,238.02
LDPE 911,Composite,2391,3367,1627,82.86
Cork 912,Composite,4787,1262,212,330.42
Carbide 913,Ceramic,3517,3821,2462,323.06
FRP 914,Composite,2908,599,440,433.02
Acrylic 915,Composite,5725,509,1048,236.16
Nanotube 916,Composite,4053,25,2340,46.93
Fiber 917,Composite,599,4143,3663,450.97
Cork 918,Ceramic,2689,3662,2746,38.88
Rubber 919,Composite,825,493,3640,419.46
Carbide 920,Ceramic,4034,2824,2675,219.26
POM 921,Ceramic,2546,5722,3009,97.94
Foam 922,Composite,3231,3182,2603,387.82
Cork 923,Ceramic,126,4585,2977,303.51
Polyurethane 924,Composite,5403,219,3862,235.75
GFRP 925,Ceramic,3884,3011,2120,241.63
Cork 926,Ceramic,2341,3376,2300,374.37
Foam 927,Composite,5375,2630,3227,432.75
Foam 928,Ceramic,2190,2321,546,433.93
LDPE 929,Ceramic,2647,1799,2954,140.52
Carbide 930,Composite,426,624,1784,131.9
Silicone 931,Ceramic,3077,636,3110,443.33
Glass 932,Ceramic,615,5209,548,472.38
LDPE 933,Ceramic,1497,5120,1363,107.34
POM 934,Ceramic,2753,3780,2484,325.54
PET 935,Ceramic,3491,4869,3966,139.73
Polyimide 936,Composite,1858,5129,3547,120.76
GFRP 937,Ceramic,3213,3885,2385,357.91
ABS 938,Composite,4978,2033,3891,290.52
LDPE 939,Ceramic,1395,5150,1013,315.72
Neoprene 940,Composite,1501,968,285,406.41
Polyimide 941,Ceramic,4418,279,3578,87.15
HDPE 942,Ceramic,5697,4248,3719,325.79
Leather 943,Composite,581,4870,3484,441.59
Glass 944,Ceramic,5080,3290,3642,488.76
HDPE 945,Ceramic,1745,2616,3697,586.48
CFRP 946,Composite,804,1849,869,317.98
Glass 947,Composite,1427,4235,532,147.09
Wood 948,Ceramic,3864,1259,371,412.99
Nanotube 949,Composite,5783,1846,3754,576.07
GFRP 950,Ceramic,540,563,3332,167.94
Rubber 951,Ceramic,4507,3789,3898,329.69
LDPE 952,Composite,2229,5327,1306,556.7
Polystyrene 953,Composite,3567,698,2265,490.03
PEI 954,Ceramic,2089,307,2757,120.38
LDPE 955,Ceramic,4705,1476,557,228.82
FRP 956,Ceramic,1126,948,1872,83.14
Carbide 957,Ceramic,5975,2126,1597,101.14
PET 958,Composite,3630,2359,3969,285.28
ABS 959,Composite,5900,4949,3913,479.0
Rubber 960,Composite,5942,3484,2128,163.37
Carbide 961,Ceramic,3751,265,1093,502.22
Neoprene 962,Composite,2511,1760,1627,447.66
Graphene 963,Composite,5674,3906,3112,502.69
Glass 964,Composite,5982,4581,3546,324.95
Graphene 965,Composite,2247,4899,3501,443.56
FRP 966,Ceramic,4391,1282,1753,579.92
HDPE 967,Ceramic,5475,1112,2104,209.64
Glass 968,Ceramic,3375,590,2908,414.88
Rubber 969,Ceramic,4188,710,1492,128.76
Fiber 970,Ceramic,1712,4958,3293,179.35
GFRP 971,Composite,1467,1980,2515,300.24
Foam 972,Composite,3635,4900,3630,138.62
POM 973,Ceramic,5409,1731,2003,467.48
Carbide 974,Ceramic,4623,961,841,191.68
Nanotube 975,Ceramic,208,2286,2064,547.75
PET 976,Composite,5793,1908,725,516.45
PET 977,Composite,4506,5920,1918,63.89
HDPE 978,Composite,2254,73,2673,14.01
Acrylic 979,Ceramic,1004,2252,953,423.23
POM 980,Composite,4677,3537,3659,413.48
Silicone 981,Composite,373,827,2450,154.87
Polyurethane 982,Ceramic,1797,3618,1208,561.95
PET 983,Composite,2979,4013,1775,511.1
Oxide 984,Ceramic,2049,903,3788,132.31
PET 985,Composite,2898,673,3555,0.32
HDPE 986,Composite,1638,2986,3088,442.25
Silicone 987,Composite,4307,4983,1168,186.39
Foam 988,Ceramic,1201,3206,3378,67.45
Acrylic 989,Composite,4186,908,3581,324.77
ABS 990,Composite,4478,5356,3648,411.75
Oxide 991,Ceramic,2868,470,2485,264.37
Carbide 992,Ceramic,1955,1995,3940,458.55
Fiber 993,Composite,1933,290,2377,392.37
LDPE 994,Composite,703,4267,599,428.23
Oxide 995,Ceramic,274,2959,1530,556.41
HDPE 996,Composite,2171,1696,2803,333.66
PEI 997,Ceramic,3956,430,3784,277.55
Foam 998,Composite,4796,4142,2405,508.76
FRP 999,Ceramic,386,4702,1661,504.53
FRP 1000,Ceramic,700,5332,1147,141.35
Foam 1001,Composite,3900,1612,3052,510.7
CFRP 1002,Ceramic,4049,4862,1674,82.38
GFRP 1003,Ceramic,2547,4677,2359,9.43
Graphene 1004,Composite,179,121,691,375.4
FRP 1005,Composite,3292,2877,2279,161.39
Graphene 1006,Ceramic,1083,506,3702,57.25
POM 1007,Composite,2098,4258,2891,232.94
Carbide 1008,Composite,16,3068,1320,285.26
Cork 1009,Composite,32,1488,1705,105.95
Carbide 1010,Composite,3326,1480,173,101.52
Wood 1011,Composite,5906,3659,2550,246.04
Polystyrene 1012,Ceramic,4622,808,2725,37.07
Rubber 1013,Composite,4663,1900,3411,193.27
Foam 1014,Ceramic,1032,123,1528,9.34
Polystyrene 1015,Composite,3514,1457,1948,103.68
PET 1016,Composite,707,2333,968,500.8
Graphene 1017,Ceramic,920,2766,1741,437.88
POM 1018,Composite,3021,3625,569,388.85
Cork 1019,Ceramic,1198,4150,2982,550.95
Cork 1020,Composite,3461,3791,3675,275.18
GFRP 1021,Ceramic,4387,3813,3671,220.56
POM 1022,Ceramic,768,1389,810,25.29
GFRP 1023,Composite,2368,5137,2241,246.11
LDPE 1024,Composite,5239,4867,3718,463.02
Rubber 1025,Ceramic,4958,1677,1251,72.44
Wood 1026,Composite,5016,3289,1182,94.95
ABS 1027,Composite,2437,2433,2461,402.82
Nanotube 1028,Composite,2145,4699,1998,377.63
Oxide 1029,Ceramic,2322,3393,1502,140.09
CFRP 1030,Ceramic,2783,416,3374,10.51
GFRP 1031,Ceramic,2610,4818,466,219.3
Polyimide 1032,Composite,872,870,3467,40.95
ABS 1033,Composite,4655,3541,2880,18.05
FRP 1034,Ceramic,2292,60,1127,561.2
FRP 1035,Composite,2762,1388,751,562.32
Oxide 1036,Composite,4782,3414,2720,510.38
GFRP 1037,Ceramic,4259,3241,2980,299.15
Foam 1038,Ceramic,3407,3739,392,285.83
Polyurethane 1039,Ceramic,4667,4114,3584,159.11
ABS 1040,Composite,2053,3088,45,20.41
Polyimide 1041,Ceramic,2093,1185,226,61.83
GFRP 1042,Ceramic,5319,4279,504,282.57
Glass 1043,Ceramic,3813,4766,2897,299.63
Graphene 1044,Composite,522,1180,1936,295.58
Polyurethane 1045,Composite,5009,1654,2643,282.84
Foam 1046,Composite,3477,2113,1038,89.85
PET 1047,Ceramic,4820,4939,1638,576.36
Neoprene 1048,Ceramic,2085,3627,2265,106.64
Leather 1049,Ceramic,819,613,2279,177.17
FRP 1050,Ceramic,3947,2293,2087,556.12
Foam 1051,Composite,4109,4527,2464,96.99
Neoprene 1052,Composite,3558,3192,2900,341.64
HDPE 1053,Ceramic,2225,4427,3907,67.99
Acrylic 1054,Composite,2274,3865,326,544.34
Carbide 1055,Composite,1074,3298,3350,225.61
GFRP 1056,Composite,3381,4659,435,496.49
PET 1057,Ceramic,767,5226,817,416.05
HDPE 1058,Composite,3064,2354,2392,559.16
GFRP 1059,Composite,2290,5946,492,429.62
PEI 1060,Composite,5743,919,3611,448.35
Oxide 1061,Composite,1182,3237,2032,78.61
Foam 1062,Composite,5527,3212,2995,142.07
PET 1063,Composite,5029,710,3728,448.14
CFRP 1064,Composite,361,2794,2782,121.75
Cork 1065,Ceramic,1174,5465,3962,337.85
Neoprene 1066,Ceramic,4567,5701,1956,507.06
Nanotube 1067,Composite,4181,5278,1335,373.53
FRP 1068,Composite,3973,1895,2344,285.86
Leather 1069,Composite,1130,1571,1654,373.55
Nanotube 1070,Ceramic,3291,769,2926,293.41
Cork 1071,Ceramic,4839,3567,2638,344.58
Leather 1072,Ceramic,2807,2857,2900,160.22
PET 1073,Composite,2804,1576,2761,344.16
Polyurethane 1074,Ceramic,994,3725,89,427.99
PET 1075,Composite,5354,3918,2526,383.16
Glass 1076,Composite,1793,5378,2410,589.3
Cork 1077,Ceramic,4394,5461,3885,406.25
HDPE 1078,Composite,5027,257,2787,235.66
POM 1079,Composite,2900,3829,1390,420.89
POM 1080,Composite,5681,2956,1457,18.21
Graphene 1081,Ceramic,783,2638,49,66.65
Silicone 1082,Composite,5598,4489,1555,202.54
Polystyrene 1083,Composite,3256,2794,642,372.64
Leather 1084,Ceramic,2456,466,422,213.17
PET 1085,Ceramic,1386,3612,3412,278.0
HDPE 1086,Ceramic,1927,3168,411,320.73
GFRP 1087,Composite,149,757,97,237.78
LDPE 1088,Composite,1722,2440,2532,227.05
Silicone 1089,Ceramic,966,4162,1585,93.02
HDPE 1090,Ceramic,5500,2223,349,513.09
Nanotube 1091,Ceramic,4704,2618,43,100.42
Leather 1092,Composite,5232,421,3711,25.73
Acrylic 1093,Ceramic,3031,1683,1301,191.45
POM 1094,Composite,3101,2397,3508,336.82
Nanotube 1095,Composite,1970,4875,3336,348.33
Polyimide 1096,Ceramic,3432,4753,3448,281.71
PEI 1097,Composite,480,1119,316,138.6
Polyimide 1098,Ceramic,4801,3864,3198,180.82
Silicone 1099,Ceramic,4175,5911,952,335.65
POM 1100,Ceramic,3356,5692,3034,547.75
Polystyrene 1101,Composite,2050,5034,1199,113.05
Polyimide 1102,Ceramic,3057,4102,1994,176.4
Foam 1103,Ceramic,5440,4752,3228,489.83
HDPE 1104,Ceramic,4114,3136,648,5.99
ABS 1105,Composite,4272,5260,144,465.3
HDPE 1106,Ceramic,4168,305,1268,75.61
GFRP 1107,Ceramic,5036,5665,600,97.11
HDPE 1108,Ceramic,4087,730,2555,333.66
Glass 1109,Ceramic,849,2741,3406,579.42
POM 1110,Ceramic,3690,5643,3344,375.74
GFRP 1111,Composite,3569,629,432,500.97
LDPE 1112,Ceramic,1653,4400,3775,416.46
Acrylic 1113,Composite,2915,3562,3109,581.32
Silicone 1114,Composite,3629,5299,3946,596.2
Graphene 1115,Composite,2859,2843,238,263.1
Cork 1116,Ceramic,4523,5091,2856,99.91
ABS 1117,Ceramic,1187,1489,1847,572.6
Leather 1118,Ceramic,1210,3707,3701,271.87
Graphene 1119,Ceramic,5405,2763,103,93.87
Fiber 1120,Composite,4952,3224,2014,177.77
Polyimide 1121,Composite,4375,2402,3743,161.41
Silicone 1122,Ceramic,1205,4151,3641,573.3
Neoprene 1123,Composite,2745,4655,2246,389.65
Silicone 1124,Composite,5357,4227,3560,374.63
FRP 1125,Ceramic,1887,665,2681,418.8
Glass 1126,Ceramic,5925,5861,247,446.14
POM 1127,Ceramic,4260,2281,1904,372.65
Foam 1128,Composite,2479,4601,3505,382.34
Wood 1129,Ceramic,1770,169,831,76.11
Oxide 1130,Composite,992,4288,2152,196.11
Polyurethane 1131,Composite,1952,5362,3932,574.69
Acrylic 1132,Composite,2748,2284,3782,510.25
GFRP 1133,Composite,3511,3957,1974,27.58
Oxide 1134,Ceramic,1084,3560,3609,408.66
Oxide 1135,Composite,2935,2809,317,212.67
Acrylic 1136,Composite,1879,5391,1687,367.69
Oxide 1137,Composite,4097,5224,3607,330.17
Glass 1138,Composite,3815,4234,2859,271.43
LDPE 1139,Ceramic,1151,1363,268,311.17
FRP 1140,Ceramic,4972,1936,3842,415.12
Polystyrene 1141,Composite,1756,4467,3130,584.15
HDPE 1142,Composite,2539,3968,759,542.37
FRP 1143,Composite,4060,1110,2214,481.0
Polyurethane 1144,Ceramic,2524,5197,3223,528.54
Acrylic 1145,Composite,534,3980,3666,437.86
Polyimide 1146,Ceramic,2282,4391,1410,298.28
Wood 1147,Ceramic,5957,4644,1445,587.51
ABS 1148,Composite,2368,3220,617,431.73
Polyimide 1149,Ceramic,663,3993,2547,254.5
Silicone 1150,Ceramic,1034,820,3716,489.81
Graphene 1151,Ceramic,4487,3205,2539,373.23
Foam 1152,Composite,2910,40,1935,144.31
FRP 1153,Ceramic,2987,4289,2158,124.86
GFRP 1154,Composite,2786,1868,2594,115.91
Fiber 1155,Composite,1867,4469,2904,527.87
POM 1156,Composite,3146,4050,1577,55.37
Oxide 1157,Composite,1105,4733,839,220.44
Acrylic 1158,Composite,3664,1977,1173,309.06
FRP 1159,Ceramic,908,2840,2283,326.51
Nanotube 1160,Composite,2407,5362,484,147.8
Cork 1161,Composite,4116,803,3927,453.94
Glass 1162,Composite,2663,4383,1761,154.29
HDPE 1163,Composite,97,3654,1911,511.9
Foam 1164,Composite,452,2219,2553,359.43
Polyimide 1165,Composite,3008,1781,3995,271.81
Polyurethane 1166,Composite,4104,1036,2897,469.99
LDPE 1167,Composite,233,5636,1609,167.22
GFRP 1168,Composite,3800,929,442,5.09
Cork 1169,Composite,3910,1933,26,296.31
Rubber 1170,Ceramic,5450,1454,3357,481.09
ABS 1171,Composite,215,1684,3298,249.08
Polyimide 1172,Composite,933,559,1397,101.16
Nanotube 1173,Ceramic,1846,572,2299,64.56
CFRP 1174,Composite,3455,5354,32,439.75
POM 1175,Composite,756,4746,181,51.34
Polystyrene 1176,Composite,1026,1288,2956,47.62
Nanotube 1177,Composite,1020,5691,2461,542.7
Graphene 1178,Ceramic,3071,501,2159,547.68
Polyurethane 1179,Ceramic,1096,4287,580,566.59
PEI 1180,Composite,2790,5174,1285,278.25
ABS 1181,Ceramic,4625,909,1717,103.98
Foam 1182,Composite,5256,3857,2660,230.43
HDPE 1183,Composite,4148,3139,3395,27.29
LDPE 1184,Ceramic,5567,2882,490,475.46
PET 1185,Composite,259,1943,707,45.04
Carbide 1186,Ceramic,5207,965,157,549.19
Leather 1187,Ceramic,1155,2132,3443,162.82
ABS 1188,Ceramic,5074,1337,2350,252.4
ABS 1189,Ceramic,4365,3414,799,557.47
HDPE 1190,Ceramic,3634,3720,3800,285.85
LDPE 1191,Composite,794,4041,171,325.1
Rubber 1192,Composite,5556,1505,2473,117.58
Leather 1193,Ceramic,1696,142,3465,106.1
ABS 1194,Composite,3651,1702,2453,275.66
Cork 1195,Ceramic,305,284,3924,51.81
FRP 1196,Ceramic,3042,447,998,82.88
HDPE 1197,Composite,5698,5684,3040,297.51
Oxide 1198,Ceramic,1853,603,169,464.64
Nanotube 1199,Composite,3741,1150,3438,325.11
